{
    "LH" :
    {
        "cad_centers" : 
        [
            []
        ],
        "cad_welding_points" : 
        [
        ]
    },
    "RH" :
    {
        "cad_centers" :
        [
            [510.12, 448.33, 1241.80],
            [1116.90, 410.02, 1254.77],
            [1228.10, 381.45, 1212.50]
        ],
        "cad_welding_points" :
        [
            [467.779998779, 534.010009766, 1317.11999512],
            [475.730010986, 552.979980469, 1325.44995117],
            [476.730010986, 517.530029297, 1172.95996094],
            [477.160003662, 482.019989014, 1299.11999512],
            [483.0, 486.149993896, 1188.19995117],
            [589.590026855, 445.790008545, 1208.93005371],
            [604.409973145, 448.450012207, 1271.75],
            [604.729980469, 454.420013428, 1236.30004883],
            [605.559997559, 464.049987793, 1293.05004883],
            [605.659973145, 473.809997559, 1197.59997559],
            [637.559997559, 522.659973145, 1314.70996094],
            [656.640014648, 484.940002441, 1174.90002441],
            [700.719970703, 459.059997559, 1201.25],
            [700.789978027, 451.059997559, 1236.30004883],
            [701.090026855, 445.040008545, 1271.34997559],
            [702.359985352, 469.25, 1294.16003418],
            [729.359985352, 441.730010986, 1208.89001465],
            [744.049987793, 441.690002441, 1273.08996582],
            [747.359985352, 469.25, 1294.16003418],
            [773.859985352, 441.720001221, 1208.72998047],
            [792.049987793, 441.690002441, 1273.08996582],
            [792.359985352, 469.25, 1294.16003418],
            [818.359985352, 441.700012207, 1208.72998047],
            [836.049987793, 444.880004883, 1271.44995117],
            [836.369995117, 450.890014648, 1236.32995605],
            [836.739990234, 463.320007324, 1197.59997559],
            [837.359985352, 469.25, 1294.16003418],
            [931.219970703, 470.019989014, 1197.59997559],
            [931.950012207, 450.869995117, 1236.32995605],
            [932.020019531, 469.019989014, 1294.10998535],
            [932.260009766, 444.869995117, 1271.44995117],
            [954.549987793, 440.809997559, 1208.68994141],
            [962.059997559, 441.670013428, 1273.08996582],
            [971.679992676, 463.880004883, 1293.01000977],
            [1014.14001465, 474.619995117, 1183.17004395],
            [1019.69000244, 457.429992676, 1292.56994629],
            [1019.90997314, 432.640014648, 1202.57995605],
            [1019.90997314, 434.070007324, 1272.75],
            [1048.92004395, 474.140014648, 1180.40002441],
            [1078.39001465, 418.390014648, 1237.27001953],
            [1085.61999512, 449.100006104, 1293.15002441],
            [1092.05004883, 429.489990234, 1180.40002441],
            [1094.91003418, 464.660003662, 1180.40002441],
            [1101.33996582, 410.089996338, 1201.19995117],
            [1128.93005371, 451.75, 1180.40002441],
            [1135.56994629, 417.140014648, 1180.40002441],
            [1141.7199707, 397.850006104, 1201.19995117],
            [1182.5, 387.339996338, 1201.19995117],
            [1193.56994629, 403.959991455, 1180.40002441],
            [1258.41003418, 394.760009766, 1171.5]
        ]
    }
}